{"loss": [0.11805585026741028, 0.10501299053430557, 0.10191428661346436, 0.08893173187971115, 0.07011321187019348, 0.05922410264611244, 0.044904403388500214, 0.03257778286933899, 0.024130268022418022, 0.018860550597310066, 0.017422297969460487, 0.014847839251160622, 0.014306697063148022, 0.013968415558338165, 0.014051456935703754, 0.013811293058097363, 0.012682206928730011, 0.010391362942755222, 0.009556455537676811, 0.008925910107791424], "mean_absolute_error": [0.2284591943025589, 0.22705860435962677, 0.21723492443561554, 0.21208123862743378, 0.17785707116127014, 0.14270606637001038, 0.11556444317102432, 0.09512516111135483, 0.07343339174985886, 0.06186379864811897, 0.050277117639780045, 0.04361157491803169, 0.04203294590115547, 0.03590648993849754, 0.036829639226198196, 0.033133890479803085, 0.032957788556814194, 0.02981613017618656, 0.029389893636107445, 0.027964891865849495], "val_loss": [0.1157178208231926, 0.11409788578748703, 0.10699770599603653, 0.08800721913576126, 0.07446060329675674, 0.062474045902490616, 0.04890782758593559, 0.032537393271923065, 0.024449024349451065, 0.04100118204951286, 0.0315760113298893, 0.01849505305290222, 0.021071569994091988, 0.01827116310596466, 0.018082505092024803, 0.01591002196073532, 0.015048889443278313, 0.014871634542942047, 0.013887274079024792, 0.023244166746735573], "val_mean_absolute_error": [0.22645944356918335, 0.21427084505558014, 0.22160454094409943, 0.20547689497470856, 0.1906266063451767, 0.15191616117954254, 0.11579813808202744, 0.0930296778678894, 0.07239092886447906, 0.06114934757351875, 0.05103474110364914, 0.06858233362436295, 0.03925805911421776, 0.03707399219274521, 0.0633820965886116, 0.03485874831676483, 0.03377792239189148, 0.04510283097624779, 0.03413134068250656, 0.03439945727586746]}