{"loss": [0.1147967278957367, 0.1041690856218338, 0.0963517352938652, 0.07555156201124191, 0.05967116355895996, 0.045506712049245834, 0.03365947678685188, 0.022185713052749634, 0.018558112904429436, 0.015137670561671257, 0.014389187097549438, 0.012817244976758957, 0.012650013901293278, 0.011188008822500706, 0.014172813855111599, 0.01663898304104805, 0.012329990044236183, 0.009426655247807503, 0.011940059252083302, 0.009757760912179947], "mean_absolute_error": [0.22416234016418457, 0.22469788789749146, 0.2181355506181717, 0.18897004425525665, 0.14564594626426697, 0.12052630633115768, 0.09423138946294785, 0.07707294076681137, 0.06155844405293465, 0.053715627640485764, 0.04442087560892105, 0.042097676545381546, 0.03560250252485275, 0.03457357734441757, 0.036457743495702744, 0.035706017166376114, 0.02921692468225956, 0.027991004288196564, 0.028753552585840225, 0.025261322036385536], "val_loss": [0.11556446552276611, 0.11146656423807144, 0.09768304228782654, 0.0763186514377594, 0.06367705017328262, 0.04885685443878174, 0.03408971428871155, 0.025103915482759476, 0.02167302742600441, 0.02049585059285164, 0.020244374871253967, 0.026858864352107048, 0.01930507831275463, 0.023301711305975914, 0.02076595649123192, 0.028337886556982994, 0.014335313811898232, 0.014873641543090343, 0.019519560039043427, 0.013395189307630062], "val_mean_absolute_error": [0.22134414315223694, 0.22378644347190857, 0.23146302998065948, 0.16542509198188782, 0.16896097362041473, 0.11675042659044266, 0.10009480267763138, 0.07165148109197617, 0.09026093780994415, 0.04777419939637184, 0.07839762419462204, 0.04320092499256134, 0.06590238958597183, 0.03735000640153885, 0.03433613479137421, 0.04058179259300232, 0.04129361733794212, 0.028999196365475655, 0.029796326532959938, 0.0336986742913723]}